648054,None,<p>A surprising one I learned about recently: If you're in an environment that might be audited you'll want to save all the output of your build the script output the compiler output etc.</p> <p>That's the only way you can verify your compiler settings build steps etc.</p> <blockquote> <p>Also how long to save them for and where to save them?</p> </blockquote> <p>Save them until you know that build won't be going to production iow as long as you have the compiled bits around.</p> <p>One logical place to save them is your SCM system. Another option is to use a tool that will automatically save them for you like AnthillPro and its ilk.</p>,None,None,0,None,2009-03-15 16:10:31.823000+00:00,None,2009-03-15 16:10:31.823000+00:00,None,None,None,Jeffrey Fredrick,35894,230595,2,3,,None
375537,None,<p>You can use a Regular Expression Validator to check if the password meets the complexity requirements.</p> <p>Also you can use an <a href= http://www.asp.net/AJAX/AjaxControlToolkit/Samples/PasswordStrength/PasswordStrength.aspx rel= nofollow >Pasword Strength Meter</a> control.</p>,None,None,0,None,2008-12-17 18:26:41.123000+00:00,None,2008-12-17 18:26:41.123000+00:00,None,None,None,CMS,5445,375524,2,0,,None
596323,None,<p>Look at the code on a page with Firefox 3. Then open the Firefox Error Console (Ctrl Shift J) to see which line is breaking. Then update your question with the new info.</p>,None,None,0,None,2009-02-27 19:49:14.383000+00:00,None,2009-02-27 19:49:14.383000+00:00,None,None,None,Bruno Tyndall,36590,596308,2,0,,None
178003,None,<p>A few suggestions to consider: </p> <ul> <li><strong>List the threats</strong> and compare each to your current setup. </li> <li>Use <strong>SSL / HTTPS</strong>. This alleviates a whole class of vulnerabilities. </li> <li>Use <strong>username/password</strong> generated on the server side and sent out of band (in the post or by phone) to the user. (Hope this answers question 2). </li> <li>Use <strong>2-factor authentication</strong>. To do this you can look at <strong>security tokens</strong> such as <a href= http://www.rsa.com/ rel= nofollow >RSA's keyfob-type gizmos</a> or look at Steve Gibson's <strong><a href= https://www.grc.com/ppp.htm rel= nofollow >Perfect Paper Passwords</a></strong></li> </ul>,None,None,0,None,2008-10-07 11:18:42.997000+00:00,None,2008-10-07 11:18:42.997000+00:00,None,None,None,AJ,7211,175309,2,1,,None
7753593,None,<p>The destroy function worked</p> <pre><code>$('#box').draggable( destroy ); $('#box').resizable( destroy ); </code></pre>,None,None,0,None,2011-10-13 11:45:15.273000+00:00,None,2011-10-13 11:45:15.273000+00:00,None,None,None,user951042,None,7713932,2,0,,None
374182,None,<p>The user's experience is definitely slowed down by GA on a slow connection.</p>,None,None,0,None,2008-12-17 10:33:27.973000+00:00,None,2008-12-17 10:33:27.973000+00:00,None,None,None,GeekyMonkey,29900,374084,2,1,,None
463316,None,<p>you could use <a href= http://msdn.microsoft.com/en-us/library/system.windows.forms.control.textchanged.aspx rel= nofollow >TextChanged</a>/ Keypress event use a regex to filter on numbers and take some action.</p>,None,None,0,None,2009-01-20 21:59:29.173000+00:00,None,2009-01-20 21:59:29.173000+00:00,None,None,None,Perpetualcoder,37494,463299,2,2,,None
811204,None,<p>But instead of killing these processes manually shouldn't there be a way to avoid these? I have the same problem in a project</p> <p>In our Web application we are performing some updates using a Web service (i.e. a program calls a webservice method. The method opens a connection does an update commits and closes the connection using connection.close()) </p> <p>In the sqlserver mgmt studio if I do a sp_who2 I see that the connections increase as teh app is running - in fact at the rate of 1 connection per update execution. AND the concerning part is that it crosses the 100 and then does not allow more connections into the db. Users are not able to login as well the programs fail as they cannot get any more new connections.</p> <p>How to ensure that the connections are reused - We have not written any connection pooling code using the default asp.net and Sqlserver connection pooling. Why are the connections not be reused and why are they not vanishing after being Closed ? Does this depend on the fact that a webservice is handling the transaction ?</p> <p>Thanks a lot</p>,None,None,0,None,2009-05-01 12:46:23.327000+00:00,None,2009-05-01 12:46:23.327000+00:00,None,None,None,Anand,None,81589,2,1,,None
4437372,None,<pre><code>Long result = -1L; </code></pre>,None,None,0,None,2010-12-14 08:52:39.603000+00:00,None,2010-12-14 08:57:45.683000+00:00,2010-12-14 08:57:45.683000+00:00,user467871,None,user467871,None,4437358,2,1,,None
7068924,None,<p>Adjustments can be made to this. You need to change the footer to display zindex:-1</p> <pre><code>&lt;style&gt; * { margin:0px; padding:0px; } .page { min-height:100%; height: auto !important; // modern browser see this instead of the height: 100% height: 100%; // IE sees this but allows block to expand. position: absolute; width: 100%; } &lt;/style&gt; &lt;div class= page &gt; &lt;div style= height:100px; &gt; content &lt;/div&gt; &lt;div style= height:333px; &gt; empty space provided so content does not slide under footer &lt;/div&gt; &lt;div style= position:absolute; bottom:0px; height:333px &gt; Min height Hack to make page be at least 100% of screen size but if content is bigger then scroll bars appear and this information is under the content. Works with quirk mode browsers. &lt;/div&gt; &lt;/div&gt; </code></pre>,None,None,0,None,2011-08-15 18:23:39.490000+00:00,None,2011-08-15 18:28:41.970000+00:00,2011-08-15 18:28:41.970000+00:00,None,483536,None,483536,7068842,2,0,,None
711315,None,<p>You could use the <strong>find</strong> module. Here's a code snippet:</p> <pre><code> require find ignored_extensions = [ .cs  .txt ] Find.find(path_to_directory) do |file| # the name of the current file is in the variable file # you have to test it to see if it's a dir or a file using File.directory? # and you can get the extension using File.extname # this skips over the .cs and .txt files next if ignored_extensions.include?(File.extname(file)) # insert logic to handle other type of files here # if the file is a directory you have to create on your destination dir # and if it's a regular file you just copy it. end </code></pre>,None,None,0,None,2009-04-02 19:50:11.893000+00:00,None,2009-04-02 19:56:00.083000+00:00,2009-04-02 19:56:00.083000+00:00,Geo,31610,Geo,31610,711294,2,8,,None
21607714,None,<p>You received a notice because you didn't initialized the values of the array. Use this construction to prevent them.</p> <pre><code>if (! array_key_exists('flag' $_REQUEST)) { $_REQUEST['flag'] = whatever value goes here; } </code></pre>,None,None,0,None,2014-02-06 15:55:42.593000+00:00,None,2014-02-06 16:01:24.713000+00:00,2014-02-06 16:01:24.713000+00:00,user3111737,None,user3111737,None,21607564,2,0,,None
496027,None,<p>To be a silverlight developer you really only need to know a .NET language event driven programming and how to use markup for XAML. It's pretty simple really; the XAML describes UI elements (which can all be handled by the designer) which can then be used in code as a .NET object is created for each UI element.</p> <p>Knowing graphic design is just a bonus.</p>,None,None,0,None,2009-01-30 16:04:21.273000+00:00,None,2009-01-30 22:33:36.560000+00:00,2009-01-30 22:33:36.560000+00:00,matthews,53189,matthews,53189,495993,2,6,,None
11839062,None,<p>They are basically two different ways to accomplish the same thing: set the pointer to the beginning of the file. The only difference is that <code>rewind</code> also clears the error indicator.</p> <p>If given the choice you should use <code>fseek</code>. This is because <code>rewind</code> doesn't return an integer indicating whether the operation has succeeded.</p>,None,None,0,None,2012-08-07 04:00:10.070000+00:00,None,2012-08-07 04:00:10.070000+00:00,None,None,None,user672118,None,11839025,2,11,,None
564009,None,<p>Why dont you store the searchable data in a database table with key to the actual file? So your search would be on database table rather than xml file. I suppose this would be faster because you may index the table for faster searching.</p>,None,None,0,None,2009-02-19 05:04:51.343000+00:00,None,2009-02-19 05:04:51.343000+00:00,None,None,None,Nahom Tijnam,11172,563998,2,0,,None
22320239,None,<p>You can try bluetoothAdapter.stopDiscovery() method inside your onPause() method of the listActivity...It will help you.</p>,None,None,0,None,2014-03-11 08:33:46.620000+00:00,None,2014-03-11 08:33:46.620000+00:00,None,None,None,user3404558,None,19669203,2,1,,None
277987,None,<p>I think it is intended as an aid to <strong>teaching</strong> the pure relational model not as a competitor to SQL DBMSs for real work in the short or medium term. However Date and Darwen make a compelling case for the proper implementation of the relational model in their book <a href= http://www.thethirdmanifesto.com rel= nofollow >The Third Manifesto</a>. Maybe one day someone will produce a successful product based on it. After all Oracle was a very small niche company once!</p>,None,None,0,None,2008-11-10 14:29:56.957000+00:00,None,2008-11-10 14:29:56.957000+00:00,None,None,None,Tony Andrews,18747,277943,2,1,,None
30772849,None,<p>Use <code>IN</code> and <code>COUNT(distinct property_id)</code>:</p> <pre><code>SELECT product_id FROM TableName WHERE property_id IN (2021) GROUP BY product_id HAVING COUNT(distinct property_id) = 2 </code></pre> <p><strong>Explanation:</strong></p> <p><code>IN</code> checks if <code>property_id</code> has values either 20 or 21.</p> <p><code>COUNT (distinct property_id) = 2</code> verifies having two different values of <code>property_id</code>. So when product 2 has 2 same values in <code>property_id</code> like (2020) it will not be selected.</p> <p><strong>Result:</strong></p> <pre><code>product_id ---------- 1 3 </code></pre> <p>Sample result in <a href= http://www.sqlfiddle.com/#!9/83795/5 rel= nofollow ><strong>SQL Fiddle</strong></a>.</p>,None,None,0,None,2015-06-11 06:06:29.147000+00:00,None,2015-06-11 06:21:34.280000+00:00,2015-06-11 06:21:34.280000+00:00,None,1928264,None,1928264,30772771,2,1,,None
17878453,None,<p>A working example of condensation algorithm can be found in the Q&amp;A of opencv and ross (same author):</p> <p><a href= http://answers.ros.org/question/55316/using-the-opencv-particle-filter-condensation/ rel= nofollow >http://answers.ros.org/question/55316/using-the-opencv-particle-filter-condensation/</a></p> <p>and</p> <p><a href= http://answers.opencv.org/question/6985/syntax-for-particle-filter-in-opencv-243/ rel= nofollow >http://answers.opencv.org/question/6985/syntax-for-particle-filter-in-opencv-243/</a></p>,None,None,0,None,2013-07-26 10:01:31.210000+00:00,None,2013-07-26 10:12:26.890000+00:00,2013-07-26 10:12:26.890000+00:00,None,433685,None,433685,13431398,2,2,,None
32189529,None,<p>You can use eq and select first element</p> <pre><code>jQuery( li.menu-item-3741 a ).eq(0).removeAttr( href ); </code></pre> <p>JsFiddle: <a href= http://jsfiddle.net/gpo6pzgr/ rel= nofollow >http://jsfiddle.net/gpo6pzgr/</a></p>,None,None,0,None,2015-08-24 18:46:36.150000+00:00,None,2015-08-24 18:46:36.150000+00:00,None,None,None,None,3546939,32189434,2,0,,None
31888049,None,<p>My recommendation is that you figure out the correct html at your back-end code instead of the front-end.</p> <p>I have created a local cookie as per your test value you have provided. The code below sets a local cookie and fetches it splits the key-value pairs and displays them.</p> <p>P.S. Google Chrome by default disables the local cookies so this may appear to not work. Just try in IE this has been created just as a demonstration for you.</p> <p>Here is the solution per your requirement:</p> <pre><code>&lt;!DOCTYPE html&gt; &lt;html&gt; &lt;head&gt; &lt;script type= text/javascript &gt; var testCookie= COOKIE=ID=1&amp;NAME=Foo&amp;AGE=30&amp;EMPLOYED=Y&amp;ACTIVE=N ; function setCookie(cnameexdays) { var d = new Date(); d.setTime(d.getTime() + (exdays*24*60*60*1000)); var expires = expires= + d.toGMTString(); document.cookie = testCookie+ ; +expires; } function getCookie(name) { var nameEQ = name + = ; var ca = document.cookie.split(';'); for(var i=0;i &lt; ca.length;i++) { var c = ca[i]; while (c.charAt(0)==' ') c = c.substring(1c.length); if (c.indexOf(nameEQ) == 0) return c.substring(nameEQ.lengthc.length); } return null; } function checkCookie() { var c=getCookie( COOKIE ); var cookieElements = []; cookieElements = c.split( &amp; ); var cookieNameValuePairs = Name | Value\n ; var keyValue = []; for(i=0;i&lt;cookieElements.length;i++){ keyValue = cookieElements[i].split( = ); cookieNameValuePairs += keyValue[0] + | + keyValue[1] + \n ; } alert(cookieNameValuePairs); } &lt;/script&gt; &lt;/head&gt; &lt;body onload= checkCookie() &gt;&lt;/body&gt; &lt;/html&gt; </code></pre>,None,None,0,None,2015-08-07 23:35:25.463000+00:00,None,2015-08-07 23:35:25.463000+00:00,None,None,None,None,4975444,31887543,2,0,,None
32214484,None,<p>As Evan Knowles said if you submit a form that'll refresh the page. You should use ajax to post the form:</p> <pre><code>var xmlhttp = new XMLHttpRequest(); xmlhttp.onreadystatechange = function() { if (xmlhttp.readyState == XMLHttpRequest.DONE ) { if(xmlhttp.status == 200){ window.close(); } } } xmlhttp.open( POST  https://geview.abc.org/startwebviewer.jnlp  true); xmlhttp.send(new FormData(document.getElementById( frmLaunchViewer ))); </code></pre> <p>Waiting 5 seconds is useless unless sendig the form's data takes 5 seconds. It's better to use an ajax callback than hoping that 5 seconds is enough to finish the process. If you really need that see blex's comment.</p>,None,None,0,None,2015-08-25 21:33:08.120000+00:00,None,2015-08-25 21:33:08.120000+00:00,None,None,None,None,2625561,32214248,2,0,,None
27965095,None,<p>You can use array syntax for ng-class</p> <pre><code>&lt;td ng-repeat= column in columns ng-class= ['cell-value-' + column.name + '-'+ row[column.name] | safeClassName'cell-column-' + column.name | safeClassName] &gt; </code></pre>,None,None,0,None,2015-01-15 14:00:29.213000+00:00,None,2015-01-15 14:00:29.213000+00:00,None,None,None,None,3292746,27964920,2,0,,None
29592992,None,<p>NSScanner can do this. Here an example method:</p> <pre><code>- (NSNumber *)scanHex:(NSString *)aString { NSScanner *sc=[NSScanner scannerWithString:aString]; if(![sc scanString:@ &amp;#x intoString:NULL]) return nil; unsigned long long val; if(![sc scanHexLongLong:&amp;val]) return nil; return [NSNumber numberWithUnsignedLongLong:val]; } </code></pre> <p>This method will return <code>nil</code> if <code>aString</code> does not have the <code>&amp;#x</code> you list or if that is not followed by a valid hex string. Otherwise it returns a NSNumber object with the desired value.</p>,None,None,0,None,2015-04-12 18:27:36.727000+00:00,None,2015-04-12 18:27:36.727000+00:00,None,None,None,None,1404278,29592734,2,0,,None
17727207,None,<p>Your Problem seems to be this:</p> <pre><code>split(''1) # should be split('') </code></pre> <p>because <code>split(... 1)</code> only makes 1 split and <code>split(...)</code> splits as much as possible.</p> <p>So you should be able to do this:</p> <pre><code> for eachline in fin: code *medal_count = eachline.strip().split('') medalDict[code] = medal_count </code></pre>,None,None,0,None,2013-07-18 15:06:19.937000+00:00,None,2013-07-18 15:06:19.937000+00:00,None,None,None,None,1320237,17726868,2,0,,None
19169848,None,<p>Have you tried</p> <p><code>myview.animate().alpha(0).setInterpolator(new CycleInterpolator(&lt;Number of cycles&gt;))</code></p> <p>You can also find all of the different methods of a <code>ViewPropertyAnimator</code> <a href= http://developer.android.com/reference/android/view/ViewPropertyAnimator.html rel= nofollow >here</a>.</p>,None,None,0,None,2013-10-03 21:49:52.900000+00:00,None,2013-10-03 21:49:52.900000+00:00,None,None,None,None,931938,19169675,2,0,,None
15865006,None,<p>I had the same issue. The problem was only occurring for users that I had in my database before I added the auth_token field to the user database table. The App <code>Couldn't find User with auth_token</code> as the older users didn't have one created for them when they signed up as this functionality was not implemented then.</p> <p>To overcome this I simply deleted the older users from my database &amp; signed them up again. </p> <p>However users where no longer being logged in automatically. To over come this I changed this line:</p> <p><code>session[:user_id] = @user.id</code></p> <p>to</p> <p><code>cookies[:auth_token] = @user.auth_token</code> </p> <p>As I was now using a cookie rather than a session to sign users in.</p>,None,None,0,None,2013-04-07 16:50:53.343000+00:00,None,2013-04-07 16:50:53.343000+00:00,None,None,None,None,1814446,9557235,2,0,,None
14846683,None,<p>If both methods are transactional then naturally the second one's failing won't affect the first one. If you think both methods are part of a single (correct) transaction then you're mistaken either about that or about the fact that it seemed to partially commit. You'd need to provide a lot more information to get a good answer as to why one or the other is true.</p>,None,None,0,None,2013-02-13 05:01:16.077000+00:00,None,2013-02-13 05:01:16.077000+00:00,None,None,None,None,839646,14845381,2,0,,None
19295516,None,<p>Try <a href= http://www.clintharris.net/2009/iphone-app-shared-libraries/ rel= nofollow >this</a>.</p> <p>It is sharing libraries/modules between different projects.</p>,None,None,0,None,2013-10-10 12:16:54.253000+00:00,None,2013-10-10 12:16:54.253000+00:00,None,None,None,None,2783810,19141639,2,0,,None
6802603,None,<p>maybe this is relevant: <a href= http://www.west-wind.com/weblog/posts/2007/Jul/23/Loading-an-ASPNET-Page-Class-dynamically-in-an-HttpHandler rel= nofollow >http://www.west-wind.com/weblog/posts/2007/Jul/23/Loading-an-ASPNET-Page-Class-dynamically-in-an-HttpHandler</a></p>,None,None,0,None,2011-07-23 19:01:25.703000+00:00,None,2011-07-23 19:01:25.703000+00:00,None,None,None,None,345648,6800000,2,0,,None
29880611,None,<p>Name.com is using a different PayPal payment product.</p> <p>With basic Website Payments Standard (WPS) you send the user to PayPal's website where they make the payment; PayPal then informs the user that they have paid before redirecting the user back to you. Because integrating WPS is so easy (it can be done in 30 seconds) and PayPal has no control over the website the buyer is being returned to they want to be sure the user is informed that the payment has been made before sending the user back.</p> <p>Name.com is probably using Express Checkout (EC) where the buyer logs into PayPal and agrees to make a payment but the payment is not actually completed until name.com makes another API call (DoEC). In that case the customer is already back at name.com before the payment API call so PayPal cannot show the buyer a success page. So PayPal uses slightly different language on their agreement page and leaves the seller responsible for the success page.</p>,None,None,0,None,2015-04-26 16:58:30.810000+00:00,None,2015-04-26 16:58:30.810000+00:00,None,None,None,None,3144216,29877911,2,0,,None
32731934,None,<p>Well it seems issue was fixed when i increased the size of file-system (-c parameter value during mkfs.ubifs call). Thanks for all help and suggestions!</p>,None,None,0,None,2015-09-23 05:51:50.410000+00:00,None,2015-09-23 05:51:50.410000+00:00,None,None,None,None,1053031,32711486,2,0,,None
2839461,None,<p><a href= http://java.sun.com/javase/6/docs/api/java/util/LinkedList.html#add%28int%20E%29 rel= nofollow >add</a></p> <p>Does this what you want?</p> <p>If you want to keep the list in a sorted state why not just insert the element with <a href= http://java.sun.com/javase/6/docs/api/java/util/LinkedList.html#addFirst%28E%29 rel= nofollow >addfirst</a></p> <p>and then sort the list using <a href= http://java.sun.com/javase/6/docs/api/java/util/Collections.html#sort%28java.util.List%29http://java.sun.com/javase/6/docs/api/java/util/Collections.html#sort%28java.util.List%29 rel= nofollow >Collections.sort</a></p>,None,None,0,None,2010-05-15 08:28:07.497000+00:00,None,2010-05-15 08:28:07.497000+00:00,None,None,None,None,1178669,2839431,2,0,,None
3244808,None,<p>Fat Jar Eclipse Plugin : <a href= http://fjep.sourceforge.net/ rel= nofollow >http://fjep.sourceforge.net/</a></p>,None,None,0,None,2010-07-14 09:20:21.100000+00:00,None,2010-07-14 09:20:21.100000+00:00,None,None,None,None,153621,3238270,2,0,,None
20534357,None,<p>I turned around to the Google IO 2013 and changed the initialization of PlusClient then it works.</p> <pre><code>public static final String AUTH_SCOPES[] = { Scopes.PLUS_LOGIN https://www.googleapis.com/auth/userinfo.email  https://www.googleapis.com/auth/developerssite }; mPlusClient = new PlusClient.Builder(this this this) .setScopes(AUTH_SCOPES) .build(); </code></pre>,None,None,0,None,2013-12-12 03:13:26.407000+00:00,None,2013-12-12 03:13:26.407000+00:00,None,None,None,None,3029771,15762904,2,0,,None
11693518,None,<p>Another way to solve this problem AND still use synchronous ajax calls is putting the dialog.open part in the mousedown event instead of click. </p> <p>That way you can still do stuff IE(8) doesn't like when you put it in a callback like downloading a file.</p>,None,None,0,None,2012-07-27 18:22:53.407000+00:00,None,2012-07-27 18:22:53.407000+00:00,None,None,None,None,1412353,6934736,2,0,,None
3628532,None,<p>I know this was answered already but IIS users (like myself) can use <a href= http://www.iis.net/download/urlrewrite rel= nofollow >URL Rewrite 2.0</a> to accomplish the same task with Regular Expressions. I've installed it and it works well.</p>,None,None,0,None,2010-09-02 15:16:05.770000+00:00,None,2010-09-02 15:16:05.770000+00:00,None,None,None,None,83809,3604140,2,0,,None
13158288,None,<p>Currently the latest version of jQuery (1.8.2) doesn't have support for firing DOM ready events when HTML is appended.</p>,None,None,0,None,2012-10-31 12:45:52.043000+00:00,None,2012-10-31 12:45:52.043000+00:00,None,None,None,None,1250319,12843964,2,0,,None
19823487,None,<p>This should work:</p> <pre><code>.data LOAD(ADDR(flash)) : { *(.data) } &gt; ram </code></pre>,None,None,0,None,2013-11-06 21:45:15.460000+00:00,None,2013-11-06 21:45:15.460000+00:00,None,None,None,None,2962240,18910272,2,0,,None
11554685,None,<p>You can use box2d to make it detect all collisions for you</p>,None,None,0,None,2012-07-19 05:52:02.213000+00:00,None,2012-07-19 05:52:02.213000+00:00,None,None,None,None,195324,11554568,2,1,,None
19517163,None,<p>You can use <a href= https://github.com/ddollar/foreman rel= nofollow ><strong>foreman</strong></a> to start and manage these different processes.</p> <ol> <li><code>$ cd /var/www/html/app</code></li> <li><p>Create a file named <code>Procfile</code> with these processes for example:</p> <p>web: unicorn_rails -c config/unicorn.rb -E production -D (line break here not sure why SO is doing this) search: bundle exec rake sunspot:solr:start RAILS_ENV=production</p></li> <li><p>Start the processes with <code>foreman start</code>.</p></li> </ol> <p>This is what you'd do anyway when hosting your app on Heroku.</p>,None,None,0,None,2013-10-22 11:55:35.640000+00:00,None,2013-10-22 11:55:35.640000+00:00,None,None,None,None,1606888,19489430,2,1,,None
9734145,None,<p>Try this:</p> <pre><code>set -vx for file in bowtie-0.12.7-win32/bowtie-0.12.7/Hits_635_25bp/*.txt; do ARRAY1=$( awk 'FNR == 1 { print $2 }' $file ) let ARRAY1=$ARRAY1/100+1 echo $ARRAY1 value1=$( awk -v a1= $ARRAY1 'FNR == a1 { print $1 }' bowtie-0.12.7-win32/bowtie-0.12.7/list_for_635_fasta.list ) echo $value1 value2=$( awk 'FNR == 1 { print $2 $3 $4 $5 $6 $7 }' bwa-0.5.9/bwa-0.5.9/GENOMES/ ${file:0:13} ) echo $value2 done </code></pre> <p>If you tell us what shell you're using we could improve the code.</p>,None,None,0,None,2012-03-16 08:41:37+00:00,None,2012-03-16 08:41:37+00:00,None,None,None,None,430749,9733069,2,1,,None
32344439,None,<p>Retrieve the username through the <code>request.user</code> object:</p> <pre><code>var User = request.user; console.log(User.get( username )); //or skip the first step: console.log(request.user.get( username )); </code></pre> <p>Note you can also retrieve these values by calling the <code>attributes</code> property of the Parse.Object (typically bad practice):</p> <pre><code>console.log(request.user.attributes.username); </code></pre>,None,None,0,None,2015-09-02 04:00:27.217000+00:00,None,2015-09-02 04:00:27.217000+00:00,None,None,None,None,4253799,32215320,2,1,,None
29782112,None,<p>There are 2 possible workarounds:</p> <ul> <li>Set your machine to the same timezone as your sonar server</li> </ul> <p>or</p> <ul> <li>Go to Eclipse preferences SonarQube Preview Analysis Properties add a property called <code>sonar.projectDate</code> with a date in the future like <code>2024-01-01</code>. (from <a href= https://jira.codehaus.org/browse/SONAR-5049 rel= nofollow >https://jira.codehaus.org/browse/SONAR-5049</a>). Your local date will then always be ahead of the server's date as far as the local analysis engine is concerned.</li> </ul>,None,None,0,None,2015-04-21 20:08:53.220000+00:00,None,2015-04-21 20:08:53.220000+00:00,None,None,None,None,80075,21320117,2,1,,None
3846450,None,<p>Yes and also for a junior .Net developer. Effective developers of all levels do not need to guess whether their code will meet the requirements.</p>,None,None,0,None,2010-10-02 15:49:29.053000+00:00,None,2010-10-02 15:49:29.053000+00:00,None,None,None,None,210102,3845898,2,1,,None
3363769,None,<p>Two points:</p> <ol> <li>anyone using <code>extern int var;</code> can access your variable if it's not in an unnamed namespace.</li> <li>if in another file you have another <code>int var</code> global variable you will have multiple definitions of this variable.</li> </ol> <p>As specified in the standard : </p> <blockquote> <p>[...] all occurrences of unique in a translation unit are replaced by the same identifier and this identifier differs from all other identifiers in the entire program.</p> </blockquote>,None,None,0,None,2010-07-29 14:50:14.023000+00:00,None,2010-07-29 14:50:14.023000+00:00,None,None,None,None,395939,3363684,2,1,,None
16361640,None,<p>It appears you want some sort of Hash deep merge. It's available in <a href= https://github.com/rails/rails/tree/master/activesupport rel= nofollow >ActiveSupport</a> (part of Rails):</p> <pre><code># You can omit this require statement if you're running Rails. require active_support/core_ext/hash/deep_merge a = { a: { b: { c: 1 d: { password1: } password2: } } } b = { a: { b: { d: { password1: secret } password2: secret2 } } } a.deep_merge(b) #=&gt; { a: { b: { c: 1 d: { password1: secret } password2: secret2 } } } </code></pre> <p>If you don't want to depend on ActiveSupport take a look at the <a href= https://github.com/rails/rails/blob/master/activesupport/lib/active_support/core_ext/hash/deep_merge.rb rel= nofollow >implementation</a>.</p>,None,None,0,None,2013-05-03 14:44:24.037000+00:00,None,2013-05-03 14:44:24.037000+00:00,None,None,None,None,98038,16360797,2,2,,None
13430617,None,<p>I recommend you to use the <code>tableView:willDisplayCell:forRowAtIndexPath:</code> method for adding the shadow.</p>,None,None,0,None,2012-11-17 12:36:23.740000+00:00,None,2012-11-17 12:36:23.740000+00:00,None,None,None,None,1823086,13430576,2,2,,None
12396947,None,<p>You probably want to use <code>NSSpeechSynthesizer</code> for code you write yourself.</p> <p>And of course the <a href= http://developer.apple.com/library/mac/#documentation/UserExperience/Conceptual/SpeechSynthesisProgrammingGuide/SpeechOverview/SpeechOverview.html rel= nofollow >Speech Synthesis Programming Guide</a> is pertinent reading too.</p>,None,None,0,None,2012-09-12 22:23:31.660000+00:00,None,2012-09-12 22:23:31.660000+00:00,None,None,None,None,574590,12396690,2,2,,None
28705221,None,<p>I'm not sure that I correctly understand the requirement. I modified in the demo </p> <pre class= lang-js prettyprint-override ><code>function hideGroupHeaders(grid) { var i names = grid.p.groupingView.groups l = names.length $grp j; for (i = 0; i &lt; l; i++) { $grp = $('#' + grid.id + ghead_0_ + i); if (names[i].value === '') { $grp.hide(); } else { // hide the grouping row $(grid).jqGrid('groupingToggle' grid.id + ghead_0_ + i); for (j = 0; j &lt; names[i].cnt; j++) { $(grid.rows[$grp[0].rowIndex + 1 + j]).addClass( grouppedRows ); } } } } </code></pre> <p>where I set <code>grouppedRows</code> class to hidden grouped rows. You can see the results here: <a href= http://jsfiddle.net/OlegKi/xx7Jg/82/ rel= nofollow >http://jsfiddle.net/OlegKi/xx7Jg/82/</a>. If one opens the groups one see that the rows will be displayed in another style defined by the class <code>grouppedRows</code></p> <p><img src= http://i.stack.imgur.com/Kt4pj.png alt= enter image description here ></p>,None,None,0,None,2015-02-24 20:04:00.550000+00:00,None,2015-02-24 20:04:00.550000+00:00,None,None,None,None,315935,28683324,2,2,,None
11383648,None,<p>Python converts the result of the whole expression to a string before printing not individual items. Convert your object instance to a string before concatenating:</p> <pre><code>print str(new) + '.kine' </code></pre> <p>Python is a strongly typed language and won't convert items to strings automatically when using operators like the '+' sign.</p>,None,None,0,None,2012-07-08 13:54:01.337000+00:00,None,2012-07-08 13:54:01.337000+00:00,None,None,None,None,100297,11383629,2,2,,None
11735094,None,<p>just make it:</p> <pre><code>private int randomIndex(int size){ return randomGenerator(size); } </code></pre> <p>And then call them with <code>randomIndex(yourArray.size());</code></p>,None,None,0,None,2012-07-31 07:20:38.643000+00:00,None,2012-07-31 07:20:38.643000+00:00,None,None,None,None,533967,11734988,2,2,,None
33138700,None,<p>in jQuery way:</p> <pre><code>items = $( a ); $(items).each(function(index item){ b = $(item).attr('href'); c = b.replace( #  ); d = http://www.domainname.com/index/ + c + /get ; //console.log(d); //just to check them out item.attr('href' d); }); </code></pre>,None,None,0,None,2015-10-15 02:14:44.407000+00:00,None,2015-10-15 02:24:46.683000+00:00,2015-10-15 02:24:46.683000+00:00,None,894111,None,894111,33138651,2,0,,None
26573104,None,<p>You could use a persistent connection between your php script and the client requesting the data. </p> <p>I think you are bumping into a limitation of the time to live on the single request you are calling. Also the HTTP requests functions as a Request - Response why when you put it in your foreach statement each single statement is being processed alone like:</p> <pre><code> 1. iteration: GET /getter.php with value 1 .... wait... Oh theres a response 2. iteration GET /getter.php with value 2 .... wait Oh another response </code></pre> <p>This is a seemingly long and wrong proces as you might already have figured out.</p> <p>Another approach would be to set up a persistent socket which functions like the TCP procotol:</p> <pre><code> 1. open the connection 2. send all the data 3. close the connection </code></pre> <p>Have you considered trying with a websocket? Heres a few tutorials: HTML5websocket <a href= http://www.tutorialspoint.com/html5/html5_websocket.htm rel= nofollow >http://www.tutorialspoint.com/html5/html5_websocket.htm</a></p> <p>PHP socket: <a href= http://www.phpbuilder.com/articles/application-architecture/optimization/creating-real-time-applications-with-php-and-websockets.html rel= nofollow >http://www.phpbuilder.com/articles/application-architecture/optimization/creating-real-time-applications-with-php-and-websockets.html</a></p> <p>EDIT: Also see this article on the difference between AJAX and websocket.</p> <p> AJAX is great if you aren’t in a hurry but if you’re moving a high volume of data then the overhead of creating an HTTP connection every time is going to be a bottleneck. You need a persistent connection instead. In addition AJAX always has to poll the server for data rather than receive it via push from the server. If you want speed and efficiency you need WebSockets. </p> <p><a href= http://blog.safe.com/2014/08/websockets-ajax-webhooks-comparison/ rel= nofollow >http://blog.safe.com/2014/08/websockets-ajax-webhooks-comparison/</a></p>,None,None,0,None,2014-10-26 12:44:51.633000+00:00,None,2014-10-26 12:49:53.650000+00:00,2014-10-26 12:49:53.650000+00:00,None,3798904,None,3798904,26573002,2,0,,None
12742179,None,<p>Here's what I would do.</p> <pre><code>SELECT * FROM `your_table` WHERE `id` &gt;= 3 /* 3 is some random number */ UNION SELECT * FROM `your_table` WHERE `id` &lt; 5 LIMIT 4 </code></pre> <p><strong>EDIT:</strong> eggyal's question in his comment is something worth considering. My suggestion with that option considered is below.</p> <pre><code>SELECT * FROM `your_table` WHERE `id` &gt;= 3 /* 3 is some random number */ UNION SELECT * FROM ( SELECT * FROM `your_table` LIMIT 4 ) a LIMIT 4 </code></pre>,None,None,0,None,2012-10-05 08:13:52.410000+00:00,None,2012-10-05 08:27:40.977000+00:00,2012-10-05 08:27:40.977000+00:00,None,913097,None,913097,12742005,2,1,,None
14666312,None,<p>There may be other problems but with a reformat you can see you are missing a <code>}</code> before the first <code>&lt;/script&gt;</code> tag. </p> <p>also this:</p> <pre><code>window.location.href = details.php?trans= +trans+ &amp;mileage= +mileage+ &amp;eng= +eng+ &amp;ext= +ext+ &amp;stock= +stock+ &amp;vin= +vin+ &amp;location= +location+ &amp;price=$$ +price+ &amp;photo= +photo; </code></pre>,None,None,0,None,2013-02-02 20:42:03.923000+00:00,None,2013-02-02 20:53:06.377000+00:00,2013-02-02 20:53:06.377000+00:00,None,215752,None,215752,14666175,2,1,,None
14478688,None,<p>It makes absolutely no sense to use more than 1 thread for the HMAC because 1) it has to be computed sequentially and 2) I/O access R/W is much slower than actual HMAC computation</p> <p>For AES it can be a good idea to use multiple threads when using CNT mode or other chaining modes which don't require knowledge of previous data blocks. </p> <p>what about moving the question to crypto-stackexchange?</p>,None,None,0,None,2013-01-23 11:32:29.670000+00:00,None,2013-01-23 13:12:00.870000+00:00,2013-01-23 13:12:00.870000+00:00,None,958464,None,958464,14477978,2,1,,None
21131141,None,<p>Won't compile. You've already declared <code>ijk</code> as int.</p> <p>So you can not declare <code>*i*j*k</code>.</p> <p>After changing <code>*i*j*k</code> to <code>*ii*jj*kk</code>.It compiled and is OK to run.</p>,None,None,0,None,2014-01-15 07:10:58.500000+00:00,None,2014-01-15 12:53:54.613000+00:00,2014-01-15 12:53:54.613000+00:00,None,492620,None,249545,21131007,2,2,,None
19728301,None,<p>As in what keyboard events reports based on what keys are pressed</p> <pre><code> $( #textinput ).keydown(function(e) { e.keyCode; // this value }); </code></pre> <p><a href= http://www.cambiaresearch.com/articles/15/javascript-char-codes-key-codes rel= nofollow >Try Here for all the key Events</a> and <a href= http://css-tricks.com/snippets/javascript/javascript-keycodes/ rel= nofollow >These are the mobile key Events</a></p>,None,None,0,None,2013-11-01 14:02:14.250000+00:00,None,2014-03-28 04:14:01.293000+00:00,2014-03-28 04:14:01.293000+00:00,None,659944,None,946648,4054801,2,2,,None
1341925,None,<p><code>$_SERVER['SCRIPT_NAME']</code> is server-side. There are no browser compatibility issues as a result and there shouldn't be security issues as it simply an indication of what the server is serving for the requested URL (i.e. <a href= http://example.com/ >http://example.com/</a> and <a href= http://example.com/index.php >http://example.com/index.php</a> would both result in <code>'/index.php'</code>).</p> <p>That said having a different PHP script per product strikes me as extraordinarily inefficient in this day and age of cheap simple database-driven sites.</p>,None,None,0,None,2009-08-27 15:43:52.437000+00:00,None,2009-08-27 15:49:29.633000+00:00,2009-08-27 15:49:29.633000+00:00,None,1902010,None,1902010,1341908,2,6,,None
14940207,None,<p>I have found the cause of the error it is something so simple I was trying to populate a string to an int My error handling was not up to scratch so skipped it instead of logging it and as a result the error manifested itself as incorrectly produced SQL.</p> <p>Issue:</p> <pre><code>public class Question { public int Question_ID { get; set; } public int Question_Desc { get; set; } public int Parent_ID { get; set; } } </code></pre> <p>Resoultion</p> <pre><code>public class Question { public int Question_ID { get; set; } public string Question_Desc { get; set; } public int Parent_ID { get; set; } } </code></pre>,None,None,0,None,2013-02-18 15:55:57.170000+00:00,None,2013-02-18 15:55:57.170000+00:00,None,None,None,None,2082531,14934853,2,0,,None
19356142,None,<p>Try these things using the simulator and find out for yourself. </p> <p>I think the answer is that UIImage will ignore the @2x choice if you're relying on <code>[UIImage imageNamed:@ without2xSuffix.png ]</code> and not find anything but I haven't tried it. Deliberately requesting the @2x file will work but whether the image will be scaled tiled stretched or centered (or something else) is up to the place where it's used.</p> <p>Note that the documentation says that unless you use the name without the @2x suffix and let iOS find the 2x version for you it will set the scale of the image to 1.0 rather than 2.0 which complicates drawing. You'd have to load the image using <code>imageWithData:scale:</code> to fix this.</p>,None,None,0,None,2013-10-14 08:25:02.713000+00:00,None,2013-10-14 08:25:02.713000+00:00,None,None,None,None,573976,19356017,2,0,,None
16017321,None,<p>There are a some specifics that you'll want to pin down:</p> <ol> <li>Will there be much text in the image? Or just a character or two?</li> <li>Will the text be oriented properly? Or does rotation also need to be performed?</li> <li>How big will you expect the text to be?</li> <li>How similar to text will be background be?</li> </ol> <p>Since images can vary significantly you want to define the problem and find as many constraints as you can to make the problem as simple as possible. It's a difficult problem.</p> <p>For such an algorithm you'll want to focus on what makes text unique from the background (consistent spacing between characters and lines consistent height consistent baseline etc. There's an area of research in text detection that you'll want to investigate and you'll find a number of algorithms there. Two surveys of some of these methods can be found <a href= http://www.ctie.monash.edu.au/terry/text%20from%20images.pdf rel= nofollow >here</a> and <a href= http://www.cs.cmu.edu/~datong/survey.pdf rel= nofollow >here</a></p>,None,None,0,None,2013-04-15 14:06:45.407000+00:00,None,2013-04-15 14:06:45.407000+00:00,None,None,None,None,402887,16008729,2,0,,None
24283455,None,<p>I solve this problem someself. I post now my solution for other people. After [manual][2] using:</p> <ol> <li><p>Use <code>Python - Executable</code></p></li> <li><p>Use Interpreter to find right path (in my way it was <code>/usr/bin/python3.2</code>)</p></li> <li><p>Go in <code>/usr/bin/</code></p></li> <li><p>Select right python version. This path has ALL Python version you should just select the right one</p></li> </ol>,None,None,0,None,2014-06-18 10:40:38.647000+00:00,None,2014-06-18 10:40:38.647000+00:00,None,None,None,None,3409913,24281102,2,0,,None
7285246,None,<p>Adding committing and pushing don't alter your working tree at all; they're perfectly safe.</p> <p>If you're working on seperate tasks and don't want un-staged/un-committed changes getting mixed together (or you want to keep un-committed changes for several branches) you can also use <code>git stash</code> to keep your working tree changes organised.</p>,None,None,0,None,2011-09-02 14:52:00.153000+00:00,None,2011-09-02 14:52:00.153000+00:00,None,None,None,None,212858,7284559,2,0,,None
3457204,None,<p>Use <a href= http://www.w3schools.com/html/html_forms.asp rel= nofollow >radio buttons</a> instead for your requirement. When you select only one of them will get checked.</p> <p><a href= http://jsbin.com/owise rel= nofollow >Here is the working demo of that :)</a></p>,None,None,0,None,2010-08-11 09:56:03.553000+00:00,None,2010-08-11 09:56:03.553000+00:00,None,None,None,None,139459,3457185,2,0,,None
8079268,None,<p>Better is to use the <a href= http://en.wikipedia.org/wiki/Character_entity_reference rel= nofollow >Character entity reference(&amp;nbsp)</a> for including a white space any where in asp.net.</p>,None,None,0,None,2011-11-10 12:07:37.107000+00:00,None,2011-11-10 12:07:37.107000+00:00,None,None,None,None,621013,8079159,2,0,,None
11580412,None,<p>The google tv SDK current version is 3.1 honeycomb(12)</p> <p>U can set a SDK version to 12 in <strong>AndroidManifest.xml</strong></p> <pre><code>&lt;uses-sdk android:minSdkVersion= 12 /&gt; </code></pre> <p>above this command ur app will run 12 and above SDK version</p> <p>and this command will set ur app to 12 SDK version and it will not run above 12 are belove 12 SDK version</p> <pre><code>&lt;uses-sdk android:targetSdkVersion= 12 /&gt; </code></pre> <p>i hope this help u</p>,None,None,0,None,2012-07-20 13:31:23.470000+00:00,None,2012-07-20 13:31:23.470000+00:00,None,None,None,None,1237420,8532031,2,0,,None
6300451,None,<p>Your best option is to rewrite the URLs and HTML with a proxy. Apache with the mod_rewrite and mod_html_rewrite options are an option. However this kind of setup is not trivial. </p>,None,None,0,None,2011-06-09 23:30:04.403000+00:00,None,2011-06-09 23:30:04.403000+00:00,None,None,None,None,105756,6298365,2,0,,None
15152008,None,<p>Try this. Hope this helps.</p> <pre><code>private void dataGridView1_CellEndEdit(object sender DataGridViewCellEventArgs e) { var value = (((DataGridView) (sender)).CurrentCell).Value; if (value != null) { var txt = value.ToString(); double result; double.TryParse(txt out result); if (result == 0) { (((DataGridView)(sender)).CurrentCell).Value = 0; MessageBox.Show( Invalid input. ); } } } </code></pre>,None,None,0,None,2013-03-01 06:37:34.720000+00:00,None,2013-03-01 06:37:34.720000+00:00,None,None,None,None,1230261,15151337,2,0,,None
34512578,None,<p>After some research i found that a .sub-menu class had clear: both; defined that caused the issues.</p> <p>This the code i ended up which worked perfectly fine:</p> <p><div class= snippet data-lang= js data-hide= false > <div class= snippet-code > <pre class= snippet-code-css lang-css prettyprint-override ><code>.sub-menu-columns ul.sub-menu li { clear: initial; float: left; width: 50%; }</code></pre> </div> </div> </p>,None,None,0,None,2015-12-29 13:58:16.983000+00:00,None,2015-12-29 13:58:16.983000+00:00,None,None,None,None,4580893,34511097,2,0,,None
8502179,None,<p>Have you tried to add permissions WRITE_SECURE_SETTINGS and/or WRITE_SETTINGS?</p>,None,None,0,None,2011-12-14 09:33:08.653000+00:00,None,2011-12-14 09:33:08.653000+00:00,None,None,None,None,905621,8502107,2,0,,None
27380344,None,<p>This Code will be useful if you didnt use panel. If you have 5 comboboxes give count 1 to 5 and name of those comboboxes like ComboBox1 ComboBox2 comboBox3 etc.</p> <pre><code>For count = 1 To 5 Dim combobox = DirectCast(Me.Controls( ComboBox &amp; n &amp; ) ComboBox) combobox.Items.Add( Ok ) Next </code></pre> <p>Hope this code also helps you.</p>,None,None,0,None,2014-12-09 13:41:42.893000+00:00,None,2014-12-09 13:41:42.893000+00:00,None,None,None,None,4204827,13587256,2,0,,None
17901047,None,<p>Open Info.plist in Xamarin Studio and check 'Landscape Left' and 'Landscape Right' orientation in 'Supported Device Orientations'.</p>,None,None,0,None,2013-07-27 18:24:39.197000+00:00,None,2013-07-27 18:24:39.197000+00:00,None,None,None,None,1671463,17900192,2,0,,None
13480474,None,<p>This isn't bad. The official Android SDK on this matter is actually pretty good. <a href= http://developer.android.com/guide/topics/location/strategies.html rel= nofollow >Official Google Documentation on it</a></p> <p>Basically the interface it uses runs functions as each one of these situations arises. So onLocationChanged gets called whenever the location changes according to whatever parameter fires that off. Also I would recommend just playing with the different provider types</p> <p>The hardest part is the distance part. There's equations out there to calculate distance using longitude and latitudes. </p> <p>From the documentation:</p> <pre><code>// Acquire a reference to the system Location Manager LocationManager locationManager = (LocationManager) this.getSystemService(Context.LOCATION_SERVICE); // Define a listener that responds to location updates LocationListener locationListener = new LocationListener() { public void onLocationChanged(Location location) { // Called when a new location is found by the network location provider. makeUseOfNewLocation(location); } public void onStatusChanged(String provider int status Bundle extras) {} public void onProviderEnabled(String provider) {} public void onProviderDisabled(String provider) {} }; // Register the listener with the Location Manager to receive location updates locationManager.requestLocationUpdates(LocationManager.NETWORK_PROVIDER 0 0 locationListener); </code></pre>,None,None,0,None,2012-11-20 19:17:49.697000+00:00,None,2012-11-20 19:17:49.697000+00:00,None,None,None,None,1524209,13480356,2,0,,None
12615333,None,<p>Assuming the document you are showing is a log file...</p> <p>Tail the file in some fashion taking say only the last 1k lines. Load with javascript and make each line an entry in a list and use css or javascript to <strong>put a background color on alternating elements</strong>. This makes the line breaks irrelevant without adding a need for horizontal scrolling. </p> <p>At the top of the document have an <strong>input element whose contents are used to filter the list</strong>. Any time the contents of the input element changes elements in the list not matching it (as a regex) are hidden and the color banding is re-applied. If you can't display the whole file at once you can re-request the file based on the contents of the filter box (perhaps with another button press). </p>,None,None,0,None,2012-09-27 06:26:14.413000+00:00,None,2012-09-27 06:26:14.413000+00:00,None,None,None,None,355715,12326163,2,0,,None
16769516,None,<p>If it is <code>Winforms</code> You can use Something Like this</p> <pre><code> private void Form1_Load(object sender EventArgs e) { comboBox1.Items.Add(1); comboBox1.Items.Add(2); comboBox1.Items.Add(3); comboBox2.Visible = false; } private void comboBox1_SelectedIndexChanged(object sender EventArgs e) { if (comboBox1.SelectedItem.ToString() == 3 ) { comboBox2.Visible = true; } else { comboBox2.Visible = false; } } </code></pre> <p>Hope this helps.</p>,None,None,0,None,2013-05-27 08:51:03.997000+00:00,None,2013-05-27 08:51:03.997000+00:00,None,None,None,None,900307,16769302,2,0,,None
20676438,None,<p>What if the repository is behind a firewall and you need the VPN client to connect?</p>,None,None,0,None,2013-12-19 08:12:18.593000+00:00,None,2013-12-19 08:12:18.593000+00:00,None,None,None,None,990830,12808500,2,1,,None
11849101,None,<p>Solved !</p> <p>The first solution is DmitryG's answer.</p> <pre><code>DevExpress.Skins.SkinManager.EnableMdiFormSkins(); </code></pre> <p>For the second solution I contacted DevExpress Support Center and they told me that This behavior is caused by the fact that my ChildForm instances do not display scrollbars automatically and to avoid this simply to set the AutoScroll property to the true value for a ChildForm instance.</p> <pre><code>this.AutoScroll = true; </code></pre>,None,None,0,None,2012-08-07 15:23:44.573000+00:00,None,2012-08-07 15:23:44.573000+00:00,None,None,None,None,2313113,11820361,2,1,,None
24267160,None,<p>As narath mentioned Capybara now supports contenteditable divs. I was able to write:</p> <p><code>find('.redactor_editor').set('text')</code></p> <p>fill_in wasn't working for me for some reason though.</p>,None,None,0,None,2014-06-17 15:00:59.487000+00:00,None,2014-06-17 15:00:59.487000+00:00,None,None,None,None,1877543,14522795,2,1,,None
15269889,None,<p>you are using wrong if condition. Use This:</p> <pre><code>if(isset($_GET['offer']) &amp;&amp; $_GET['offer'] == 'status') </code></pre> <p>Same for company</p> <pre><code>if(isset($_GET['offer']) &amp;&amp; $_GET['offer'] == 'company') </code></pre>,None,None,0,None,2013-03-07 11:23:49.457000+00:00,None,2013-03-07 11:23:49.457000+00:00,None,None,None,None,2126368,15269832,2,1,,None
4303631,None,<p>Try to position the two buttons relatively</p>,None,None,0,None,2010-11-29 12:21:18.027000+00:00,None,2010-11-29 12:21:18.027000+00:00,None,None,None,None,510695,4303253,2,1,,None
31709858,None,<p>If you want to reuse code in multiple applications then I suggest to extract that code into a Gem and require that Gem in each application.</p>,None,None,0,None,2015-07-29 19:51:18.780000+00:00,None,2015-07-29 19:51:18.780000+00:00,None,None,None,None,2483313,31709771,2,1,,None
11306244,None,<p>Remember that XSLT templates don't match tags they match elements. The start tag for the a element is immediately followed by the start tag for the img element but from an XSLT point of view the structure you are looking for is an a element that has an img element as its only child.</p> <p>Your fourth rule Attributes for Image and a Tag. is incomplete: you haven't said what condition the attributes of the two elements must satisfy.</p> <p>You also haven't made it clear whether you want your template rule to match the img element or the a element. </p> <p>Here's a rule that matches the img element provided the containing a element has an href attribute:</p> <pre><code>match= a[@href]/img[not(preceding-sibling::node() or following-sibling::node())] </code></pre>,None,None,0,None,2012-07-03 07:21:36.317000+00:00,None,2012-07-03 07:21:36.317000+00:00,None,None,None,None,415448,11304666,2,1,,None
36178385,None,<p>Move <code>[self.navigationController setToolbarHidden:NO animated:NO];</code> from <code>viewWillAppear</code>to <code>viewDidload</code>that should work.</p>,None,None,0,None,2016-03-23 12:35:57.973000+00:00,None,2016-03-23 12:35:57.973000+00:00,None,None,None,None,3244796,35977425,2,1,,None
20649896,None,<p>You would only use a WHERE clause if there was an actual select statement.</p> <p>Something like</p> <pre><code>insert into dbo.UserInfo (Login Password UserType ID) SELECT Login Password UserType ID FROM Table where Login =@Login and Password=@Password and Type=@UserType </code></pre> <p>Otherwise you just use the values. Something like</p> <pre><code>insert into dbo.UserInfo (Login Password UserType ID) VALUES (@Login@Password@UserType @ID) </code></pre>,None,None,0,None,2013-12-18 04:53:22.420000+00:00,None,2013-12-18 04:53:22.420000+00:00,None,None,None,None,144424,20649836,2,1,,None
5086259,None,<p>No need for a UNION you can use GROUPING SETS. This will produce the same results and even the same explain plan:</p> <pre><code> SELECT e.department_id e.job_id SUM(e.salary) FROM EMPLOYEES e GROUP BY GROUPING SETS( (e.department_id e.job_id) (e.department_id) () ) </code></pre>,None,None,0,None,2011-02-23 02:06:48.510000+00:00,None,2011-02-23 02:06:48.510000+00:00,None,None,None,None,409172,5082622,2,1,,None
2962384,None,<p>Same as for VS2008 - though you will of course need a version of VisualSVN that supports VS2010. Recent ones do.</p>,None,None,0,None,2010-06-02 23:34:57.077000+00:00,None,2010-06-02 23:34:57.077000+00:00,None,None,None,None,111335,2962331,2,1,,None
3464670,None,<p><code>Array.Copy()</code> does not use ICloneable. It simply copies values stored in each cell (which in this case are references to your A objects)</p>,None,None,0,None,2010-08-12 04:00:32.617000+00:00,None,2010-08-12 04:00:32.617000+00:00,None,None,None,None,414055,3464635,2,2,,None
13019496,None,<p>Actually you could just use a range.</p> <pre><code>[A .. E] </code></pre> <p>As described in the invaluable <a href= http://learnyouahaskell.com/making-our-own-types-and-typeclasses rel= nofollow >Learn You A Haskell</a>.</p>,None,None,0,None,2012-10-22 20:40:24.010000+00:00,None,2012-10-22 20:40:24.010000+00:00,None,None,None,None,390510,13019386,2,2,,None
22351093,None,<p>You can use initial reference to do that.</p> <p>// wrap it in jQuery so it becomes a collection</p> <pre><code> var elemEmpName = $( &lt;div&gt;  { }).data('otherDtls' { recordId: 10 });; </code></pre> <p>// append to the DOM</p> <pre><code> elemTr.append(jQuery( &lt;td&gt;  {}).append(elemEmpName)); </code></pre> <p>// do stuff using the initial reference</p> <pre><code> $(elemEmpName).find('otherDtls');//do something </code></pre>,None,None,0,None,2014-03-12 12:09:12.033000+00:00,None,2014-03-12 12:09:12.033000+00:00,None,None,None,None,1719752,22351000,2,2,,None
22019740,None,<p>You could use <code>random.sample</code> to select the index for where to place say left brackets. Then place right-brackets everywhere else:</p> <pre><code>In [119]: import random In [122]: N = 10 In [125]: idx = set(random.sample(range(N) N//2)) In [126]: idx Out[126]: {0 1 4 5 7} In [127]: ''.join(['[' if i in idx else ']' for i in range(N)]) Out[127]: '[[]][[][]]' </code></pre> <p>Given your examples I assumed you want an equal number of left and right brackets. If not use jonrsharpe's solution.</p>,None,None,0,None,2014-02-25 16:07:06.507000+00:00,None,2014-02-25 16:07:06.507000+00:00,None,None,None,None,190597,22019640,2,4,,None
18515271,None,<p>Thanks guys but i figured it out. You have to do something like this:</p> <pre><code>var setValueParameters = new Collection&lt;PackageInfo.ExecutionValueParameterSet&gt;(); setValueParameters.Add(new PackageInfo.ExecutionValueParameterSet { ObjectType = 20 ParameterName = SegmentID  ParameterValue = 1 }); </code></pre> <p>and then call:</p> <pre><code>long executionIdentifier = package.Execute(false null setValueParameters); </code></pre> <p>Why it confused me so much is that I thought that this thing is just for system parameters like logging level or something and NOWHERE was mentioned that the code for user parameters is 20 and this construction can be used for assigning them. Hope it'll help somebody to avoid butthurt I had for 2 days.</p>,None,None,0,None,2013-08-29 15:36:50.610000+00:00,None,2013-08-29 15:36:50.610000+00:00,None,None,None,None,2653281,18514522,2,4,,None
20117931,None,<p>If you develop a new app you should consider ActionBarCompat as your first choice. Google put more devs to support that lib in the future.</p> <p>If your app is using ActionBarSherlock keep using it or migrate to ActionBarCompat to get some other functionalities and supporting from GG Android team.</p>,None,None,0,None,2013-11-21 10:09:37.163000+00:00,None,2013-11-21 10:09:37.163000+00:00,None,None,None,None,2653526,18526433,2,5,,None
26302163,None,<p>I use micro-util class for getting last (and first) element of list:</p> <pre><code>public final class Lists { private Lists() { } public static &lt;T&gt; T getFirst(List&lt;T&gt; list) { return list != null &amp;&amp; !list.isEmpty() ? list.get(0) : null; } public static &lt;T&gt; T getLast(List&lt;T&gt; list) { return list != null &amp;&amp; !list.isEmpty() ? list.get(list.size() - 1) : null; } } </code></pre>,None,None,0,None,2014-10-10 14:49:26.253000+00:00,None,2014-10-10 14:49:26.253000+00:00,None,None,None,None,1795426,687833,2,10,,None
2743424,None,<p>No <code>return i &lt; 3</code> isn't the same as <code>if (i &lt; 3) return;</code>.</p> <p>Instead it's equivalent to:</p> <pre><code>bool result = (i &lt; 3); return result; </code></pre> <p>In other words it returns the evaluated result of <code>i &lt; 3</code>. So it will return true if <code>i</code> is 2 but false if <code>i</code> is 10 for example.</p> <p>You could definitely write this using a method group conversion:</p> <pre><code>List&lt;int&gt; listOfInts = new List&lt;int&gt; { 1 2 3 4 5 }; List&lt;int&gt; result = listOfInts.FindAll(TestLessThanThree); ... static bool TestLessThanThree(int i) { return i &lt; 3; } </code></pre>,None,None,0,None,2010-04-30 09:08:29.813000+00:00,None,2010-04-30 09:08:29.813000+00:00,None,None,None,None,22656,2743413,2,11,,None
1532823,None,<p>A regular for each will do:</p> <pre><code>foreach (var item in collection) { // do your stuff } </code></pre>,None,None,0,None,2009-10-07 16:48:39.480000+00:00,None,2009-10-07 16:48:39.480000+00:00,None,None,None,None,93623,1532814,2,48,,None
6997550,None,<p>You can use Friday13Games eRun to embed it into a browser. Simply go to Friday13Games.com/dev.php and click Upload a Game .</p>,None,None,0,None,2011-08-09 14:13:55.910000+00:00,None,2011-08-09 14:13:55.910000+00:00,None,None,None,None,886102,6978301,2,-1,,None
658687,None,<p>I assume you use the Hibernate APIs explicitly? Is it an option to use a standard API let's say JPA and let a J2EE container manage the implementation for you?</p> <p>Otherwise go with Maven or Ivy depending on your current build system of choice.</p>,None,None,0,None,2009-03-18 15:11:36.193000+00:00,None,2009-03-18 15:11:36.193000+00:00,None,None,None,Magnus,79517,658477,2,0,,None
29845789,None,<p>You need to add <code>[]</code> which will return a list of arrays it should be like</p> <pre><code>public function getTotal($items) { $total = array(); foreach($items as $item){ $total[] = $item-&gt;getPrice() - $item-&gt;getDiscount() + $item-&gt;getValue(); } return $total;// returns an array; } </code></pre> <p>or can be access as</p> <pre><code>public function getTotal($items) { $total = array(); foreach($items as $key =&gt; $item){ $total[$key] = $item-&gt;getPrice() - $item-&gt;getDiscount() + $item-&gt;getValue(); } return $total;// returns an array; } </code></pre>,None,None,0,None,2015-04-24 11:01:57.303000+00:00,None,2015-04-24 11:01:57.303000+00:00,None,None,None,user4819055,None,29845427,2,1,,None
